<application>
  <component name="AiPluginSettings">
    <option name="enableNextEditPredictionsSetByUser" value="true" />
    <option name="gotItToolTipsShown" value="true" />
    <option name="lastLoggedInEmail" value="fidimalala.mj@gmail.com" />
    <option name="privacyBannerDismissedByEmail">
      <map>
        <entry key="fidimalala.mj@gmail.com">
          <value>
            <PrivacyBannerDismissalInfo>
              <option name="dismissalType" value="DISMISSED_PERMANENTLY" />
            </PrivacyBannerDismissalInfo>
          </value>
        </entry>
      </map>
    </option>
    <option name="shortcutNotificationShown" value="true" />
  </component>
</application>