<application>
  <component name="DimensionService">
    <size key="GridCell.Tab.0.left.0.0.1920.1080" width="1838" height="284" />
    <size key="GridCell.Tab.0.center.0.0.1920.1080" width="1838" height="284" />
    <size key="GridCell.Tab.0.right.0.0.1920.1080" width="1838" height="284" />
    <size key="GridCell.Tab.0.bottom.0.0.1920.1080" width="1838" height="284" />
  </component>
  <component name="WindowManager">
    <frame x="0" y="32" width="1920" height="1048" extendedState="6" />
  </component>
  <component name="WindowStateApplicationService">
    <state x="747" y="257" key="FileChooserDialogImpl" timestamp="1762235293315">
      <screen x="0" y="32" width="1920" height="1048" />
    </state>
    <state x="747" y="257" key="FileChooserDialogImpl/0.32.1920.1048" timestamp="1762235293315" />
    <state x="959" y="503" width="1203" height="735" key="WELCOME_SCREEN" timestamp="1763396212649">
      <screen x="0" y="32" width="1920" height="1048" />
    </state>
    <state x="959" y="503" width="1203" height="735" key="WELCOME_SCREEN/0.32.1920.1048" timestamp="1763396212649" />
  </component>
</application>