<application>
  <component name="StudioBotSettings">
    <option name="contextSharingModeV2" value="AlwaysShare" />
    <option name="onboardedVersion" value="3" />
    <option name="queryHistory">
      <list>
        <historyEntry timestamp="1762246141655">c'est quoi la difference entre ng serve et ng start</historyEntry>
        <historyEntry timestamp="1762246081448">comment servire les fichier static en angular car actuellement si je fait un get  http://localhost:4200/assets/img/banner/banner-12.png sur un navigateur ca fait un not found alors que j'ai deja copie le assets dans  @src   @assets</historyEntry>
        <historyEntry timestamp="1762237556510">utilise le login-register.html</historyEntry>
        <historyEntry timestamp="1762237174566">donc actuellement j'ai setup un projet angular.
Je suis actuellement en train de faire une petit projet technique pour integrer une poste de developpeur front end angular.

Le tache 1 etait: créer un nouveau projet angular 19, ce que j'ai deja fait

La tache 2: Intégrer le template fourni sur le projet nouvellement créé; importer les scripts et stylesheet dans angular.json

Donc la on vas faire la tache 2 en sachant que le template est dans  @template</historyEntry>
        <historyEntry timestamp="1761916439700">explique moi ce code</historyEntry>
        <historyEntry timestamp="1761916137294">explique moi ce code</historyEntry>
      </list>
    </option>
  </component>
</application>