<application>
  <component name="Trusted.Paths">
    <option name="TRUSTED_PROJECT_PATHS">
      <map>
        <entry key="$USER_HOME$/MyFolder/enti-mody" value="true" />
        <entry key="$USER_HOME$/MyFolder/learn/pokedex" value="true" />
        <entry key="$USER_HOME$/MyFolder/repository/coucou-api" value="true" />
        <entry key="$USER_HOME$/MyFolder/repository/coucou-app/coucou-api" value="true" />
        <entry key="$USER_HOME$/MyFolder/repository/scooter-ecommerce-backend" value="true" />
        <entry key="$USER_HOME$/MyFolder/repository/social-media-video-downloader-api" value="true" />
      </map>
    </option>
  </component>
  <component name="Trusted.Paths.Settings">
    <option name="TRUSTED_PATHS">
      <list>
        <option value="$USER_HOME$/MyFolder/repository" />
        <option value="$USER_HOME$/MyFolder/learn" />
        <option value="$USER_HOME$/MyFolder" />
      </list>
    </option>
  </component>
</application>